doc_id	turns	utf8_bytes	tokens	supervised
0	4	93	26	9
1	4	105	31	8
2	4	87	22	7
3	4	105	29	8
4	4	87	22	7
5	4	93	34	13
6	4	96	27	7
7	4	87	26	9
8	4	99	30	7
9	4	105	29	8
10	4	96	19	5
11	4	93	28	10
12	4	99	29	7
13	4	96	21	6
14	4	87	24	8
15	4	105	29	8
16	4	105	36	10
17	4	93	28	10
18	4	99	27	7
19	4	87	22	7
20	4	105	30	7
21	4	93	24	8
22	4	87	26	9
23	4	87	24	8
24	4	96	24	6
25	4	93	24	8
26	4	105	23	6
27	4	87	24	8
28	4	96	23	5
29	4	102	28	8
30	4	87	22	7
31	4	96	28	8
32	4	93	26	9
33	4	99	31	7
34	4	99	27	6
35	4	96	23	6
36	4	96	22	5
37	4	105	34	11
38	4	99	31	7
39	4	93	24	8
40	4	93	28	10
41	4	93	26	9
42	4	102	23	7
43	4	93	24	8
44	4	99	28	7
45	4	87	26	9
46	4	105	29	8
47	4	93	26	9
48	4	96	20	6
49	4	105	31	8
50	4	105	35	10
51	4	102	30	9
52	4	87	22	7
53	4	96	19	5
54	4	102	25	8
55	4	96	20	6
56	4	105	29	7
57	4	87	28	10
58	4	93	28	10
59	4	105	24	7
60	4	96	19	5
61	4	99	25	6
62	4	93	24	8
63	4	87	22	7
64	4	87	26	9
65	4	93	26	9
66	4	102	26	8
67	4	87	24	8
68	4	105	30	8
69	4	96	19	5
70	4	87	24	8
71	4	102	29	6
72	4	93	28	10
73	4	87	26	9
74	4	105	31	8
75	4	99	27	6
76	4	102	25	8
77	4	102	29	8
78	4	96	21	6
79	4	105	31	7
80	4	102	21	6
81	4	96	23	6
82	4	102	32	6
83	4	93	32	12
84	4	102	23	7
85	4	87	26	9
86	4	102	33	8
87	4	102	21	6
88	4	93	24	8
89	4	105	32	9
90	4	87	24	8
91	4	102	28	8
92	4	105	33	8
93	4	96	22	5
94	4	87	24	8
95	4	105	33	8
96	4	99	29	7
97	4	96	23	5
98	4	87	26	9
99	4	93	24	8
100	4	105	31	8
101	4	105	35	10
102	4	96	24	6
103	4	87	26	9
104	4	96	22	6
105	4	105	33	9
106	4	96	21	6
107	4	96	22	6
108	4	96	19	5
109	4	99	29	7
110	4	93	30	11
111	4	93	26	9
112	4	96	19	5
113	4	93	26	9
114	4	105	27	8
115	4	99	30	8
116	4	87	24	8
117	4	105	36	10
118	4	93	26	9
119	4	93	26	9
120	4	96	22	6
121	4	99	30	8
122	4	93	28	10
123	4	99	27	6
124	4	87	24	8
125	4	87	26	9
126	4	96	24	8
127	4	99	28	8
128	4	96	19	5
129	4	99	31	7
130	4	102	28	8
131	4	99	27	7
132	4	93	28	10
133	4	102	28	8
134	4	99	29	8
135	4	99	22	6
136	4	99	30	8
137	4	102	25	6
138	4	93	26	9
139	4	102	22	7
140	4	87	24	8
141	4	105	25	7
142	4	93	26	9
143	4	102	23	7
144	4	93	24	8
145	4	105	28	9
146	4	102	32	6
147	4	96	20	6
148	4	96	19	5
149	4	96	26	7
150	4	102	30	9
151	4	105	32	10
152	4	105	32	10
153	4	96	24	5
154	4	102	24	7
155	4	87	26	9
156	4	99	28	7
157	4	102	25	8
158	4	93	28	10
159	4	99	32	7
160	4	93	28	10
161	4	96	24	6
162	4	99	30	7
163	4	102	30	9
164	4	99	28	7
165	4	102	24	7
166	4	102	24	8
167	4	93	26	9
168	4	102	22	7
169	4	105	32	8
170	4	99	27	6
171	4	99	31	6
172	4	96	23	5
173	4	99	32	8
174	4	99	32	8
175	4	99	23	6
176	4	102	24	8
177	4	99	27	7
178	4	93	26	9
179	4	105	31	7
180	4	102	24	8
181	4	93	26	9
182	4	96	22	7
183	4	105	35	8
184	4	105	32	8
185	4	108	35	8
186	4	96	23	6
187	4	87	24	8
188	4	87	26	9
189	4	102	23	6
190	4	93	26	9
191	4	87	24	8
192	4	87	24	8
193	4	105	33	8
194	4	87	26	9
195	4	93	26	9
196	4	96	21	6
197	4	93	24	8
198	4	93	28	10
199	4	96	19	5
200	4	87	24	8
201	4	99	27	7
202	4	87	24	8
203	4	96	25	7
204	4	93	30	11
205	4	105	35	9
206	4	105	31	9
207	4	102	26	9
208	4	105	32	8
209	4	105	32	9
210	4	102	21	6
211	4	102	23	7
212	4	96	24	8
213	4	96	21	6
214	4	87	28	10
215	4	105	33	9
216	4	93	32	12
217	4	105	23	6
218	4	99	27	7
219	4	93	26	9
220	4	99	28	7
221	4	96	22	7
222	4	99	30	8
223	4	105	31	8
224	4	93	28	10
225	4	96	20	6
226	4	99	22	6
227	4	105	29	8
228	4	93	28	10
229	4	102	24	8
230	4	102	22	7
231	4	87	22	7
232	4	87	24	8
233	4	99	30	7
234	4	96	21	5
235	4	102	28	10
236	4	96	21	6
237	4	87	22	7
238	4	93	26	9
239	4	87	22	7
240	4	99	29	6
241	4	96	23	5
242	4	96	24	7
243	4	87	22	7
244	4	87	22	7
245	4	102	29	6
246	4	87	24	8
247	4	105	29	7
248	4	99	28	7
249	4	105	32	8
250	4	87	24	8
251	4	105	29	7
252	4	102	23	6
253	4	93	24	8
254	4	102	26	9
255	4	105	29	7
256	4	87	24	8
257	4	102	29	8
258	4	105	29	7
259	4	105	33	9
260	4	99	34	8
261	4	93	26	9
262	4	99	29	6
263	4	93	30	11
264	4	99	27	6
265	4	93	24	8
266	4	105	29	7
267	4	105	33	9
268	4	96	25	6
269	4	93	28	10
270	4	96	25	6
271	4	93	28	10
272	4	102	33	7
273	4	102	21	6
274	4	87	26	9
275	4	99	30	7
276	4	96	26	7
277	4	105	29	7
278	4	96	22	6
279	4	93	26	9
280	4	96	19	5
281	4	87	24	8
282	4	93	26	9
283	4	93	26	9
284	4	93	26	9
285	4	99	30	8
286	4	102	27	7
287	4	108	32	8
288	4	99	28	7
289	4	87	26	9
290	4	96	26	7
291	4	99	30	6
292	4	93	28	10
293	4	96	21	6
294	4	87	22	7
295	4	99	29	8
296	4	93	30	11
297	4	102	21	6
298	4	93	30	11
299	4	87	24	8
300	4	93	30	11
301	4	96	23	6
302	4	102	32	6
303	4	99	36	9
304	4	93	30	11
305	4	87	22	7
306	4	105	33	7
307	4	93	26	9
308	4	93	32	12
309	4	102	23	7
310	4	99	29	7
311	4	96	22	7
312	4	99	30	8
313	4	102	22	7
314	4	102	30	8
315	4	105	34	10
316	4	93	24	8
317	4	96	22	7
318	4	87	22	7
319	4	105	35	9
320	4	102	30	7
321	4	105	36	10
322	4	93	24	8
323	4	87	24	8
324	4	102	28	10
325	4	105	29	7
326	4	93	30	11
327	4	102	28	8
328	4	99	32	7
329	4	93	26	9
330	4	105	32	8
331	4	102	27	8
332	4	96	22	6
333	4	93	30	11
334	4	105	36	9
335	4	93	26	9
336	4	87	26	9
337	4	99	32	8
338	4	87	26	9
339	4	105	26	8
340	4	96	24	5
341	4	87	22	7
342	4	105	30	8
343	4	93	28	10
344	4	105	31	9
345	4	105	34	9
346	4	96	19	5
347	4	93	28	10
348	4	96	22	7
349	4	87	26	9
350	4	102	25	6
351	4	105	29	8
352	4	93	26	9
353	4	87	26	9
354	4	105	29	8
355	4	96	19	5
356	4	105	32	9
357	4	87	22	7
358	4	105	29	8
359	4	87	26	9
360	4	102	24	8
361	4	105	32	8
362	4	105	32	10
363	4	96	24	5
364	4	102	30	8
365	4	93	26	9
366	4	96	24	5
367	4	93	28	10
368	4	87	26	9
369	4	93	26	9
370	4	99	28	7
371	4	105	29	7
372	4	87	24	8
373	4	99	30	9
374	4	105	31	7
375	4	105	36	8
376	4	105	35	9
377	4	96	22	7
378	4	102	23	7
379	4	87	26	9
380	4	87	26	9
381	4	105	32	8
382	4	102	23	6
383	4	93	28	10
384	4	96	19	5
385	4	87	26	9
386	4	93	24	8
387	4	105	36	10
388	4	99	32	8
389	4	93	26	9
390	4	93	26	9
391	4	93	26	9
392	4	87	24	8
393	4	99	32	9
394	4	93	26	9
395	4	93	28	10
396	4	102	30	9
397	4	93	28	10
398	4	96	24	7
399	4	99	29	7
400	4	96	25	7
401	4	93	26	9
402	4	96	23	5
403	4	87	24	8
404	4	99	34	9
405	4	93	28	10
406	4	93	26	9
407	4	102	27	8
408	4	102	25	6
409	4	93	26	9
410	4	93	26	9
411	4	102	25	8
412	4	93	28	10
413	4	96	22	7
414	4	96	22	7
415	4	105	32	9
416	4	102	21	6
417	4	105	34	8
418	4	87	24	8
419	4	93	24	8
420	4	93	28	10
421	4	102	22	7
422	4	93	26	9
423	4	99	21	5
424	4	105	34	9
425	4	105	34	7
426	4	99	31	6
427	4	102	23	7
428	4	87	26	9
429	4	99	36	10
430	4	87	26	9
431	4	87	26	9
432	4	102	28	8
433	4	99	26	6
434	4	108	37	9
435	4	93	28	10
436	4	93	24	8
437	4	99	28	7
438	4	105	30	9
439	4	93	26	9
440	4	93	30	11
441	4	102	21	6
442	4	87	24	8
443	4	102	27	9
444	4	93	26	9
445	4	102	29	8
446	4	96	20	6
447	4	99	28	7
448	4	99	27	7
449	4	87	24	8
450	4	102	30	7
451	4	105	31	8
452	4	96	28	8
453	4	87	24	8
454	4	102	27	7
455	4	108	35	9
456	4	87	26	9
457	4	99	29	7
458	4	102	35	9
459	4	99	24	7
460	4	87	22	7
461	4	96	19	5
462	4	93	24	8
463	4	99	33	8
464	4	87	26	9
465	4	96	23	5
466	4	87	24	8
467	4	99	28	7
468	4	102	21	6
469	4	108	37	10
470	4	93	26	9
471	4	102	29	8
472	4	105	34	8
473	4	102	26	9
474	4	87	24	8
475	4	105	36	9
476	4	96	22	7
477	4	105	29	7
478	4	87	22	7
479	4	93	24	8
480	4	87	26	9
481	4	87	22	7
482	4	93	24	8
483	4	87	22	7
484	4	96	28	8
485	4	99	30	8
486	4	93	26	9
487	4	99	28	6
488	4	87	24	8
489	4	105	30	8
490	4	96	22	7
491	4	99	29	8
492	4	105	26	6
493	4	87	26	9
494	4	99	30	6
495	4	93	26	9
496	4	99	28	7
497	4	99	27	6
498	4	105	34	8
499	4	87	24	8
500	4	87	24	8
501	4	93	24	8
502	4	105	30	8
503	4	96	23	5
504	4	105	30	7
505	4	99	30	7
506	4	93	26	9
507	4	102	26	9
508	4	99	28	7
509	4	93	26	9
510	4	96	20	6
511	4	102	27	7
512	4	105	32	9
513	4	96	19	5
514	4	102	26	9
515	4	93	28	10
516	4	105	23	6
517	4	102	25	8
518	4	102	26	9
519	4	105	34	9
520	4	99	31	9
521	4	93	24	8
522	4	87	26	9
523	4	102	22	7
524	4	105	35	9
525	4	99	30	7
526	4	102	26	8
527	4	105	29	7
528	4	105	31	7
529	4	93	26	9
530	4	105	36	9
531	4	96	26	6
532	4	93	26	9
533	4	87	22	7
534	4	99	27	6
535	4	105	28	9
536	4	93	24	8
537	4	102	23	7
538	4	87	26	9
539	4	93	30	11
540	4	93	26	9
541	4	87	28	10
542	4	102	22	7
543	4	99	32	7
544	4	102	22	7
545	4	99	32	8
546	4	105	31	9
547	4	96	21	6
548	4	102	23	7
549	4	93	24	8
550	4	102	22	7
551	4	99	27	7
552	4	102	27	8
553	4	99	28	7
554	4	105	33	8
555	4	99	34	9
556	4	105	33	9
557	4	99	29	7
558	4	93	26	9
559	4	87	24	8
560	4	87	24	8
561	4	96	24	7
562	4	102	26	8
563	4	102	29	8
564	4	102	22	7
565	4	102	29	8
566	4	96	24	6
567	4	93	24	8
568	4	96	26	7
569	4	99	30	9
570	4	96	26	7
571	4	93	26	9
572	4	93	28	10
573	4	93	26	9
574	4	93	28	10
575	4	87	24	8
576	4	87	22	7
577	4	96	21	6
578	4	105	34	10
579	4	99	31	7
580	4	99	34	9
581	4	102	33	8
582	4	96	22	6
583	4	93	28	10
584	4	99	28	6
585	4	105	33	7
586	4	96	20	6
587	4	87	22	7
588	4	99	28	7
589	4	87	26	9
590	4	87	22	7
591	4	102	33	7
592	4	105	31	9
593	4	102	23	7
594	4	96	21	5
595	4	87	26	9
596	4	99	31	7
597	4	102	24	8
598	4	96	23	5
599	4	96	25	6
600	4	96	23	7
601	4	87	28	10
602	4	96	19	5
603	4	87	22	7
604	4	105	33	7
605	4	105	29	7
606	4	93	26	9
607	4	102	21	6
608	4	87	24	8
609	4	99	27	6
610	4	105	32	9
611	4	93	24	8
612	4	96	23	6
613	4	96	21	5
614	4	96	23	6
615	4	96	19	5
616	4	99	33	7
617	4	105	33	8
618	4	87	22	7
619	4	99	27	6
620	4	105	29	8
621	4	102	22	6
622	4	99	32	9
623	4	102	26	8
624	4	102	27	9
625	4	102	27	8
626	4	96	22	7
627	4	96	19	5
628	4	87	24	8
629	4	99	27	7
630	4	99	27	6
631	4	93	26	9
632	4	102	35	9
633	4	105	27	7
634	4	93	26	9
635	4	102	26	7
636	4	105	29	8
637	4	105	30	9
638	4	93	24	8
639	4	99	27	6
640	4	102	29	9
641	4	87	22	7
642	4	105	31	7
643	4	99	29	8
644	4	99	28	7
645	4	93	24	8
646	4	93	26	9
647	4	96	22	7
648	4	99	32	7
649	4	99	32	7
650	4	93	24	8
651	4	87	24	8
652	4	105	32	9
653	4	93	28	10
654	4	87	24	8
655	4	93	28	10
656	4	99	31	8
657	4	87	22	7
658	4	105	29	7
659	4	99	30	7
660	4	96	20	6
661	4	96	21	6
662	4	96	24	5
663	4	96	25	6
664	4	87	22	7
665	4	102	22	7
666	4	99	29	8
667	4	105	33	7
668	4	105	36	9
669	4	102	28	10
670	4	96	24	7
671	4	105	30	8
672	4	93	28	10
673	4	99	29	8
674	4	93	26	9
675	4	93	26	9
676	4	105	29	7
677	4	99	31	7
678	4	99	33	9
679	4	99	27	6
680	4	93	26	9
681	4	96	24	6
682	4	102	21	6
683	4	102	24	8
684	4	102	28	8
685	4	93	30	11
686	4	87	24	8
687	4	102	25	6
688	4	96	26	7
689	4	93	26	9
690	4	102	26	7
691	4	96	22	7
692	4	87	26	9
693	4	102	23	6
694	4	87	22	7
695	4	105	31	8
696	4	93	26	9
697	4	96	20	5
698	4	105	32	9
699	4	102	28	8
700	4	96	23	6
701	4	99	32	7
702	4	87	22	7
703	4	93	28	10
704	4	105	33	8
705	4	102	28	8
706	4	93	28	10
707	4	96	23	5
708	4	96	20	5
709	4	102	26	7
710	4	105	26	6
711	4	99	35	9
712	4	102	25	6
713	4	99	30	7
714	4	105	32	8
715	4	99	35	9
716	4	99	23	6
717	4	96	22	5
718	4	93	24	8
719	4	93	26	9
720	4	102	21	6
721	4	105	34	10
722	4	87	22	7
723	4	105	31	7
724	4	96	22	7
725	4	96	25	6
726	4	99	30	6
727	4	102	23	6
728	4	87	26	9
729	4	93	26	9
730	4	96	26	6
731	4	93	28	10
732	4	105	33	8
733	4	87	28	10
734	4	105	37	9
735	4	105	34	9
736	4	105	32	8
737	4	96	26	7
738	4	99	33	8
739	4	93	26	9
740	4	105	34	10
741	4	105	32	8
742	4	105	35	9
743	4	105	32	9
744	4	96	20	6
745	4	93	24	8
746	4	102	30	9
747	4	93	28	10
748	4	96	19	5
749	4	96	24	6
750	4	99	28	7
751	4	99	31	7
752	4	105	33	9
753	4	93	28	10
754	4	102	28	9
755	4	102	30	8
756	4	105	32	7
757	4	105	34	8
758	4	105	36	9
759	4	93	28	10
760	4	99	29	6
761	4	87	28	10
762	4	102	24	7
763	4	105	29	8
764	4	105	31	7
765	4	93	26	9
766	4	93	24	8
767	4	102	24	8
768	4	96	23	5
769	4	87	24	8
770	4	93	24	8
771	4	105	33	9
772	4	102	21	6
773	4	105	32	7
774	4	99	29	7
775	4	105	31	8
776	4	87	22	7
777	4	87	22	7
778	4	96	21	6
779	4	105	31	7
780	4	105	32	10
781	4	105	35	9
782	4	99	29	8
783	4	99	32	7
784	4	93	26	9
785	4	105	30	8
786	4	102	23	7
787	4	93	26	9
788	4	105	31	8
789	4	99	32	9
790	4	96	22	7
791	4	96	21	6
792	4	93	28	10
793	4	99	29	8
794	4	105	31	9
795	4	105	32	9
796	4	96	19	5
797	4	102	23	7
798	4	99	34	9
799	4	93	28	10
800	4	105	34	9
801	4	87	22	7
802	4	105	33	9
803	4	102	23	7
804	4	99	30	6
805	4	93	26	9
806	4	87	22	7
807	4	105	30	8
808	4	96	21	6
809	4	93	28	10
810	4	102	25	6
811	4	96	25	6
812	4	105	32	7
813	4	105	30	7
814	4	87	22	7
815	4	96	26	7
816	4	96	20	5
817	4	102	25	6
818	4	102	26	7
819	4	93	26	9
820	4	87	26	9
821	4	99	27	6
822	4	102	31	9
823	4	99	33	8
824	4	93	24	8
825	4	105	30	8
826	4	93	24	8
827	4	87	24	8
828	4	93	30	11
829	4	99	28	7
830	4	105	33	9
831	4	102	26	7
832	4	93	28	10
833	4	87	26	9
834	4	87	24	8
835	4	105	33	10
836	4	102	28	8
837	4	87	22	7
838	4	93	26	9
839	4	105	34	10
840	4	96	22	7
841	4	93	26	9
842	4	93	26	9
843	4	105	35	9
844	4	93	24	8
845	4	105	29	8
846	4	87	24	8
847	4	87	24	8
848	4	102	25	6
849	4	96	23	5
850	4	99	27	7
851	4	93	26	9
852	4	87	26	9
853	4	99	30	8
854	4	105	29	8
855	4	87	24	8
856	4	102	32	10
857	4	99	30	6
858	4	99	28	7
859	4	96	21	6
860	4	96	21	6
861	4	93	24	8
862	4	87	22	7
863	4	93	24	8
864	4	99	27	6
865	4	99	30	7
866	4	87	26	9
867	4	105	31	8
868	4	93	28	10
869	4	102	24	8
870	4	87	26	9
871	4	99	32	8
872	4	99	31	6
873	4	102	26	7
874	4	105	29	8
875	4	102	24	8
876	4	96	19	5
877	4	105	34	9
878	4	93	24	8
879	4	93	26	9
880	4	96	20	6
881	4	102	23	7
882	4	105	31	7
883	4	102	29	8
884	4	96	23	6
885	4	87	24	8
886	4	102	27	9
887	4	102	24	8
888	4	102	28	9
889	4	105	29	7
890	4	99	30	8
891	4	99	27	6
892	4	87	24	8
893	4	99	28	7
894	4	108	31	7
895	4	93	28	10
896	4	105	31	8
897	4	96	22	5
898	4	105	30	8
899	4	96	20	6
900	4	93	28	10
901	4	87	26	9
902	4	93	30	11
903	4	96	20	6
904	4	87	24	8
905	4	105	35	10
906	4	105	32	8
907	4	105	30	8
908	4	96	21	6
909	4	102	25	6
910	4	105	33	8
911	4	96	25	7
912	4	105	32	9
913	4	99	30	7
914	4	87	24	8
915	4	96	23	5
916	4	105	36	10
917	4	93	26	9
918	4	93	24	8
919	4	96	21	6
920	4	93	28	10
921	4	105	32	7
922	4	105	35	8
923	4	99	28	7
924	4	99	32	8
925	4	87	22	7
926	4	93	24	8
927	4	108	34	7
928	4	102	21	6
929	4	105	32	8
930	4	93	26	9
931	4	93	26	9
932	4	87	26	9
933	4	87	26	9
934	4	102	26	9
935	4	99	27	6
936	4	93	30	11
937	4	96	20	6
938	4	105	33	8
939	4	96	20	6
940	4	87	28	10
941	4	105	32	9
942	4	102	28	8
943	4	99	27	7
944	4	105	33	8
945	4	99	31	6
946	4	96	21	6
947	4	102	25	8
948	4	87	22	7
949	4	96	19	5
950	4	96	24	8
951	4	105	28	7
952	4	99	30	6
953	4	105	33	8
954	4	99	29	7
955	4	99	27	6
956	4	102	24	8
957	4	93	28	10
958	4	105	31	8
959	4	96	24	7
960	4	105	33	7
961	4	105	29	7
962	4	105	31	7
963	4	99	30	7
964	4	105	31	8
965	4	105	33	7
966	4	93	26	9
967	4	102	24	8
968	4	102	24	8
969	4	93	34	13
970	4	87	26	9
971	4	93	28	10
972	4	99	30	6
973	4	105	37	10
974	4	87	24	8
975	4	93	28	10
976	4	102	27	7
977	4	102	24	7
978	4	105	33	8
979	4	87	26	9
980	4	99	34	8
981	4	96	25	8
982	4	99	30	7
983	4	108	32	8
984	4	102	23	6
985	4	102	24	7
986	4	87	26	9
987	4	93	28	10
988	4	102	21	6
989	4	105	29	7
990	4	87	26	9
991	4	105	35	10
992	4	99	28	7
993	4	105	33	8
994	4	102	22	7
995	4	96	19	5
996	4	93	26	9
997	4	102	25	6
998	4	99	28	7
999	4	105	30	8
1000	4	87	24	8
1001	4	87	28	10
1002	4	99	30	7
1003	4	96	20	6
1004	4	102	24	8
1005	4	102	28	8
1006	4	105	29	8
1007	4	93	28	10
1008	4	105	33	9
1009	4	96	25	6
1010	4	96	25	6
1011	4	96	30	9
1012	4	102	25	7
1013	4	93	24	8
1014	4	99	31	7
1015	4	105	31	7
1016	4	99	27	6
1017	4	96	24	8
1018	4	102	23	7
1019	4	105	34	8
1020	4	93	28	10
1021	4	93	26	9
1022	4	99	31	9
1023	4	102	22	7
1024	4	108	32	8
1025	4	93	26	9
1026	4	93	26	9
1027	4	99	29	8
1028	4	102	26	8
1029	4	99	28	7
1030	4	93	32	12
1031	4	87	24	8
1032	4	105	29	8
1033	4	93	26	9
1034	4	99	35	10
1035	4	105	31	8
1036	4	102	26	9
1037	4	96	21	6
1038	4	105	32	8
1039	4	93	26	9
1040	4	105	31	8
1041	4	102	21	6
1042	4	93	30	11
1043	4	108	35	9
1044	4	105	36	11
1045	4	96	28	8
1046	4	96	24	6
1047	4	96	23	5
1048	4	87	22	7
1049	4	99	27	6
1050	4	99	30	7
1051	4	102	24	8
1052	4	105	30	8
1053	4	87	24	8
1054	4	99	28	7
1055	4	105	24	7
1056	4	99	27	7
1057	4	99	27	7
1058	4	87	24	8
1059	4	87	26	9
1060	4	105	32	9
1061	4	105	34	8
1062	4	99	32	8
1063	4	99	28	8
1064	4	87	28	10
1065	4	105	32	9
1066	4	105	32	10
1067	4	87	24	8
1068	4	99	28	7
1069	4	87	22	7
1070	4	93	24	8
1071	4	105	34	10
1072	4	99	27	6
1073	4	93	28	10
1074	4	93	28	10
1075	4	105	36	9
1076	4	105	35	9
1077	4	87	24	8
1078	4	102	31	9
1079	4	87	22	7
1080	4	87	28	10
1081	4	102	23	7
1082	4	96	22	7
1083	4	93	28	10
1084	4	99	30	7
1085	4	87	24	8
1086	4	105	35	9
1087	4	87	26	9
1088	4	105	32	9
1089	4	96	21	6
1090	4	87	24	8
1091	4	96	20	5
1092	4	96	20	6
1093	4	96	20	6
1094	4	102	23	6
1095	4	96	20	5
1096	4	96	24	6
1097	4	93	26	9
1098	4	96	24	7
1099	4	93	26	9
1100	4	96	21	6
1101	4	87	26	9
1102	4	99	30	7
1103	4	102	31	9
1104	4	87	22	7
1105	4	99	30	7
1106	4	102	21	6
1107	4	99	30	7
1108	4	96	20	6
1109	4	105	33	7
1110	4	87	24	8
1111	4	102	29	8
1112	4	99	27	6
1113	4	87	26	9
1114	4	93	26	9
1115	4	102	21	6
1116	4	102	27	8
1117	4	99	32	8
1118	4	99	31	6
1119	4	87	28	10
1120	4	102	28	8
1121	4	105	32	7
1122	4	105	31	8
1123	4	105	34	10
1124	4	99	33	7
1125	4	99	31	7
1126	4	102	28	8
1127	4	96	24	8
1128	4	102	22	7
1129	4	105	32	9
1130	4	105	28	9
1131	4	93	26	9
1132	4	99	31	6
1133	4	96	22	7
1134	4	99	30	7
1135	4	93	28	10
1136	4	99	31	6
1137	4	105	30	8
1138	4	87	24	8
1139	4	99	28	7
1140	4	105	34	11
1141	4	105	29	8
1142	4	99	29	6
1143	4	93	24	8
1144	4	93	24	8
1145	4	96	19	5
1146	4	87	24	8
1147	4	96	21	5
1148	4	93	28	10
1149	4	99	30	7
1150	4	105	29	7
1151	4	99	30	7
1152	4	96	25	6
1153	4	87	24	8
1154	4	102	24	8
1155	4	93	28	10
1156	4	99	24	5
1157	4	105	35	10
1158	4	99	27	7
1159	4	87	24	8
1160	4	99	30	8
1161	4	102	27	7
1162	4	102	29	8
1163	4	96	22	7
1164	4	96	24	6
1165	4	96	22	7
1166	4	105	34	9
1167	4	96	21	6
1168	4	99	31	6
1169	4	96	21	6
1170	4	93	28	10
1171	4	105	33	9
1172	4	93	24	8
1173	4	105	35	9
1174	4	102	26	9
1175	4	99	31	8
1176	4	99	30	7
1177	4	87	30	11
1178	4	87	22	7
1179	4	105	38	10
1180	4	93	26	9
1181	4	87	22	7
1182	4	105	35	10
1183	4	102	24	7
1184	4	96	27	8
1185	4	96	25	8
1186	4	105	34	8
1187	4	99	27	6
1188	4	93	30	11
1189	4	102	26	9
1190	4	87	28	10
1191	4	102	26	7
1192	4	87	24	8
1193	4	102	24	8
1194	4	102	26	9
1195	4	87	22	7
1196	4	102	21	6
1197	4	99	32	7
1198	4	102	28	8
1199	4	102	23	6
1200	4	87	24	8
1201	4	93	26	9
1202	4	93	24	8
1203	4	102	23	7
1204	4	105	30	6
1205	4	105	30	9
1206	4	99	30	6
1207	4	105	32	9
1208	4	96	24	7
1209	4	96	23	6
1210	4	99	29	7
1211	4	87	22	7
1212	4	93	26	9
1213	4	105	34	8
1214	4	102	29	8
1215	4	93	30	11
1216	4	102	21	6
1217	4	96	20	6
1218	4	87	24	8
1219	4	102	21	6
1220	4	102	24	8
1221	4	99	28	7
1222	4	93	24	8
1223	4	99	27	7
1224	4	96	26	7
1225	4	87	24	8
1226	4	87	24	8
1227	4	99	32	7
1228	4	87	22	7
1229	4	87	22	7
1230	4	87	22	7
1231	4	93	28	10
1232	4	87	24	8
1233	4	102	21	6
1234	4	96	21	6
1235	4	96	23	5
1236	4	93	26	9
1237	4	105	34	11
1238	4	102	28	8
1239	4	96	24	6
1240	4	102	24	8
1241	4	99	30	6
1242	4	105	34	9
1243	4	102	24	7
1244	4	93	24	8
1245	4	99	29	6
1246	4	102	21	6
1247	4	105	29	8
1248	4	105	32	9
1249	4	93	24	8
1250	4	105	35	9
1251	4	96	19	5
1252	4	93	30	11
1253	4	105	30	8
1254	4	99	27	7
1255	4	96	20	6
1256	4	99	29	6
1257	4	87	24	8
1258	4	102	24	7
1259	4	96	20	6
1260	4	99	32	7
1261	4	102	21	6
1262	4	108	32	8
1263	4	105	34	8
1264	4	96	19	5
1265	4	102	24	7
1266	4	102	23	7
1267	4	87	24	8
1268	4	102	27	8
1269	4	93	26	9
1270	4	93	32	12
1271	4	102	28	9
1272	4	87	26	9
1273	4	102	28	8
1274	4	87	26	9
1275	4	99	30	9
1276	4	102	29	6
1277	4	93	30	11
1278	4	87	22	7
1279	4	99	35	10
1280	4	99	30	7
1281	4	96	25	6
1282	4	87	26	9
1283	4	93	24	8
1284	4	102	28	8
1285	4	93	28	10
1286	4	102	24	7
1287	4	102	28	10
1288	4	108	35	8
1289	4	102	25	7
1290	4	96	24	8
1291	4	96	26	7
1292	4	105	29	7
1293	4	99	28	7
1294	4	96	26	7
1295	4	87	26	9
1296	4	102	29	9
1297	4	99	32	9
1298	4	99	28	7
1299	4	96	24	5
1300	4	102	24	8
1301	4	87	24	8
1302	4	99	29	6
1303	4	96	21	5
1304	4	105	30	8
1305	4	102	25	6
1306	4	96	24	7
1307	4	99	31	6
1308	4	102	31	10
1309	4	93	24	8
1310	4	102	26	9
1311	4	93	24	8
1312	4	96	20	6
1313	4	87	22	7
1314	4	93	30	11
1315	4	99	27	6
1316	4	99	30	7
1317	4	99	32	8
1318	4	93	26	9
1319	4	93	26	9
1320	4	105	35	10
1321	4	102	22	7
1322	4	105	34	8
1323	4	102	22	7
1324	4	99	28	7
1325	4	96	19	5
1326	4	87	24	8
1327	4	87	22	7
1328	4	96	26	7
1329	4	93	28	10
1330	4	105	32	9
1331	4	93	26	9
1332	4	93	26	9
1333	4	93	32	12
1334	4	105	35	9
1335	4	102	26	7
1336	4	96	23	6
1337	4	102	28	10
1338	4	93	24	8
1339	4	96	26	6
1340	4	93	30	11
1341	4	105	33	9
1342	4	99	27	7
1343	4	96	21	6
1344	4	93	30	11
1345	4	102	29	8
1346	4	102	23	7
1347	4	99	29	8
1348	4	102	28	8
1349	4	99	28	7
1350	4	99	31	7
1351	4	96	19	5
1352	4	99	27	7
1353	4	96	24	8
1354	4	102	26	7
1355	4	99	29	7
1356	4	93	26	9
1357	4	99	32	8
1358	4	93	26	9
1359	4	102	26	8
1360	4	102	24	8
1361	4	102	24	7
1362	4	87	24	8
1363	4	99	27	6
1364	4	99	31	9
1365	4	102	24	7
1366	4	93	32	12
1367	4	93	28	10
1368	4	87	26	9
1369	4	96	20	6
1370	4	87	22	7
1371	4	102	23	7
1372	4	87	26	9
1373	4	87	22	7
1374	4	87	26	9
1375	4	96	21	6
1376	4	87	24	8
1377	4	99	28	7
1378	4	87	22	7
1379	4	87	26	9
1380	4	105	30	9
1381	4	99	30	6
1382	4	93	24	8
1383	4	93	28	10
1384	4	105	32	8
1385	4	99	31	6
1386	4	102	28	7
1387	4	87	22	7
1388	4	96	21	5
1389	4	96	26	7
1390	4	105	30	9
1391	4	87	26	9
1392	4	87	22	7
1393	4	102	28	9
1394	4	99	34	8
1395	4	99	28	7
1396	4	99	28	8
1397	4	93	28	10
1398	4	87	26	9
1399	4	102	28	7
1400	4	93	26	9
1401	4	96	21	6
1402	4	102	24	8
1403	4	102	32	8
1404	4	99	30	6
1405	4	87	22	7
1406	4	102	28	9
1407	4	96	22	5
1408	4	105	35	10
1409	4	105	34	7
1410	4	96	25	7
1411	4	102	26	7
1412	4	87	24	8
1413	4	93	28	10
1414	4	105	30	8
1415	4	99	28	7
1416	4	96	19	5
1417	4	93	30	11
1418	4	96	24	6
1419	4	102	21	6
1420	4	93	26	9
1421	4	99	32	9
1422	4	99	31	7
1423	4	96	19	5
1424	4	105	34	9
1425	4	105	25	7
1426	4	93	24	8
1427	4	93	26	9
1428	4	99	34	8
1429	4	102	24	7
1430	4	87	22	7
1431	4	96	21	6
1432	4	87	22	7
1433	4	102	23	7
1434	4	105	38	10
1435	4	105	30	9
1436	4	105	30	8
1437	4	99	28	7
1438	4	99	29	8
1439	4	102	32	7
1440	4	105	33	8
1441	4	99	28	7
1442	4	105	29	7
1443	4	87	24	8
1444	4	93	24	8
1445	4	93	28	10
1446	4	96	25	6
1447	4	93	32	12
1448	4	96	23	5
1449	4	102	30	9
1450	4	99	31	7
1451	4	102	30	9
1452	4	87	22	7
1453	4	102	23	7
1454	4	93	26	9
1455	4	99	30	7
1456	4	96	25	6
1457	4	96	24	6
1458	4	102	21	6
1459	4	99	29	6
1460	4	99	28	7
1461	4	102	25	6
1462	4	105	29	7
1463	4	96	20	6
1464	4	87	24	8
1465	4	108	38	12
1466	4	96	22	7
1467	4	99	31	6
1468	4	99	31	6
1469	4	96	26	8
1470	4	96	19	5
1471	4	102	30	9
1472	4	99	30	8
1473	4	102	26	6
1474	4	93	28	10
1475	4	105	35	9
1476	4	102	23	7
1477	4	105	34	8
1478	4	102	30	9
1479	4	93	28	10
1480	4	96	19	5
1481	4	93	26	9
1482	4	102	26	9
1483	4	99	27	6
1484	4	102	28	8
1485	4	105	34	9
1486	4	99	28	7
1487	4	87	28	10
1488	4	102	24	8
1489	4	87	24	8
1490	4	87	22	7
1491	4	99	30	7
1492	4	102	22	7
1493	4	99	31	6
1494	4	96	22	7
1495	4	99	24	7
1496	4	102	35	8
1497	4	87	26	9
1498	4	99	29	8
1499	4	102	28	8
1500	4	105	34	8
1501	4	102	29	7
1502	4	102	23	6
1503	4	99	36	10
1504	4	105	35	10
1505	4	99	29	6
1506	4	87	22	7
1507	4	105	30	8
1508	4	96	23	5
1509	4	93	30	11
1510	4	102	21	6
1511	4	102	23	7
1512	4	93	32	12
1513	4	96	21	6
1514	4	99	26	8
1515	4	96	22	7
1516	4	102	32	7
1517	4	105	33	9
1518	4	102	23	7
1519	4	105	32	8
1520	4	102	23	6
1521	4	93	34	13
1522	4	87	26	9
1523	4	87	24	8
1524	4	99	32	6
1525	4	105	30	8
1526	4	102	24	8
1527	4	93	26	9
1528	4	105	30	8
1529	4	96	24	7
1530	4	87	24	8
1531	4	102	26	7
1532	4	96	21	5
1533	4	105	31	9
1534	4	87	24	8
1535	4	102	21	6
1536	4	102	26	8
1537	4	102	26	8
1538	4	99	27	6
1539	4	105	33	10
1540	4	99	33	8
1541	4	96	22	7
1542	4	102	27	7
1543	4	105	33	9
1544	4	99	29	6
1545	4	99	31	7
1546	4	96	21	5
1547	4	87	22	7
1548	4	93	26	9
1549	4	99	30	7
1550	4	102	22	7
1551	4	102	25	7
1552	4	93	28	10
1553	4	102	23	6
1554	4	99	32	9
1555	4	87	24	8
1556	4	87	24	8
1557	4	93	24	8
1558	4	102	26	9
1559	4	93	26	9
1560	4	102	29	9
1561	4	96	21	5
1562	4	87	26	9
1563	4	96	19	5
1564	4	93	26	9
1565	4	93	24	8
1566	4	105	34	10
1567	4	96	23	5
1568	4	99	28	7
1569	4	96	21	6
1570	4	93	24	8
1571	4	93	26	9
1572	4	87	26	9
1573	4	99	31	7
1574	4	105	34	8
1575	4	87	28	10
1576	4	87	30	11
1577	4	96	21	5
1578	4	96	22	7
1579	4	105	29	8
1580	4	87	28	10
1581	4	102	26	9
1582	4	96	26	8
1583	4	102	23	6
1584	4	93	28	10
1585	4	99	33	8
1586	4	93	30	11
1587	4	93	24	8
1588	4	93	32	12
1589	4	105	34	8
1590	4	87	22	7
1591	4	105	32	7
1592	4	102	22	7
1593	4	102	23	7
1594	4	93	24	8
1595	4	99	21	5
1596	4	102	26	9
1597	4	87	22	7
1598	4	105	28	7
1599	4	93	26	9
1600	4	96	28	8
1601	4	96	24	7
1602	4	102	30	10
1603	4	87	30	11
1604	4	105	29	7
1605	4	105	29	8
1606	4	105	30	7
1607	4	87	24	8
1608	4	87	22	7
1609	4	99	31	6
1610	4	93	26	9
1611	4	102	29	8
1612	4	93	26	9
1613	4	102	21	6
1614	4	99	21	5
1615	4	93	28	10
1616	4	102	24	8
1617	4	96	19	5
1618	4	93	30	11
1619	4	105	31	9
1620	4	102	23	7
1621	4	93	26	9
1622	4	105	26	8
1623	4	96	24	7
1624	4	102	24	8
1625	4	96	22	7
1626	4	87	22	7
1627	4	102	21	6
1628	4	96	21	6
1629	4	87	24	8
1630	4	93	24	8
1631	4	93	24	8
1632	4	93	26	9
1633	4	102	21	6
1634	4	93	24	8
1635	4	108	34	7
1636	4	102	26	8
1637	4	93	26	9
1638	4	99	27	7
1639	4	93	26	9
1640	4	93	28	10
1641	4	93	26	9
1642	4	99	29	6
1643	4	105	34	8
1644	4	99	28	7
1645	4	99	32	8
1646	4	102	28	8
1647	4	105	34	9
1648	4	102	26	9
1649	4	105	31	9
1650	4	105	32	9
1651	4	105	30	8
1652	4	99	30	6
1653	4	93	24	8
1654	4	105	33	10
1655	4	96	22	7
1656	4	105	34	8
1657	4	105	35	8
1658	4	96	26	7
1659	4	108	35	8
1660	4	87	26	9
1661	4	96	19	5
1662	4	93	28	10
1663	4	99	27	6
1664	4	105	36	10
1665	4	87	24	8
1666	4	96	26	7
1667	4	102	24	8
1668	4	105	29	7
1669	4	93	28	10
1670	4	96	24	6
1671	4	93	26	9
1672	4	96	28	8
1673	4	99	27	7
1674	4	87	24	8
1675	4	102	24	7
1676	4	96	26	9
1677	4	105	30	8
1678	4	96	23	5
1679	4	96	26	7
1680	4	102	23	7
1681	4	105	35	9
1682	4	93	32	12
1683	4	99	29	7
1684	4	93	24	8
1685	4	102	28	8
1686	4	105	30	8
1687	4	87	26	9
1688	4	93	30	11
1689	4	96	22	7
1690	4	93	26	9
1691	4	93	32	12
1692	4	87	26	9
1693	4	87	24	8
1694	4	93	26	9
1695	4	87	22	7
1696	4	96	23	5
1697	4	105	34	10
1698	4	99	33	8
1699	4	87	24	8
1700	4	87	28	10
1701	4	93	24	8
1702	4	93	28	10
1703	4	87	22	7
1704	4	105	34	9
1705	4	99	27	6
1706	4	96	24	7
1707	4	102	24	7
1708	4	102	23	7
1709	4	93	26	9
1710	4	99	32	8
1711	4	102	30	9
1712	4	87	22	7
1713	4	93	24	8
1714	4	102	21	6
1715	4	99	27	6
1716	4	96	27	7
1717	4	99	31	6
1718	4	99	24	5
1719	4	102	23	7
1720	4	93	24	8
1721	4	102	25	6
1722	4	87	24	8
1723	4	99	28	6
1724	4	93	24	8
1725	4	102	25	7
1726	4	93	24	8
1727	4	105	33	7
1728	4	93	24	8
1729	4	93	24	8
1730	4	93	24	8
1731	4	87	28	10
1732	4	102	25	8
1733	4	96	21	6
1734	4	93	30	11
1735	4	99	30	8
1736	4	99	27	7
1737	4	108	34	10
1738	4	96	21	6
1739	4	93	26	9
1740	4	102	24	6
1741	4	99	32	7
1742	4	105	36	10
1743	4	87	22	7
1744	4	87	26	9
1745	4	96	24	8
1746	4	87	26	9
1747	4	93	26	9
1748	4	99	28	7
1749	4	96	22	7
1750	4	102	26	7
1751	4	102	26	7
1752	4	87	22	7
1753	4	105	35	9
1754	4	102	24	8
1755	4	87	24	8
1756	4	99	27	6
1757	4	105	33	9
1758	4	99	31	8
1759	4	96	24	7
1760	4	93	26	9
1761	4	99	32	7
1762	4	87	22	7
1763	4	93	24	8
1764	4	102	24	8
1765	4	93	28	10
1766	4	99	32	7
1767	4	96	27	7
1768	4	99	28	8
1769	4	93	24	8
1770	4	93	28	10
1771	4	99	32	7
1772	4	105	31	7
1773	4	105	31	8
1774	4	96	25	7
1775	4	99	31	7
1776	4	96	25	6
1777	4	93	28	10
1778	4	87	22	7
1779	4	102	23	7
1780	4	99	29	8
1781	4	102	21	6
1782	4	105	31	8
1783	4	93	24	8
1784	4	105	32	10
1785	4	93	26	9
1786	4	96	23	5
1787	4	93	24	8
1788	4	102	26	7
1789	4	93	26	9
1790	4	93	28	10
1791	4	87	24	8
1792	4	102	26	7
1793	4	99	33	8
1794	4	93	26	9
1795	4	87	24	8
1796	4	93	24	8
1797	4	93	28	10
1798	4	93	30	11
1799	4	105	26	6
1800	4	96	20	6
1801	4	93	30	11
1802	4	99	29	8
1803	4	99	30	9
1804	4	105	30	8
1805	4	102	28	8
1806	4	93	28	10
1807	4	105	34	10
1808	4	87	22	7
1809	4	102	30	9
1810	4	87	26	9
1811	4	93	26	9
1812	4	99	28	8
1813	4	93	26	9
1814	4	102	24	6
1815	4	93	26	9
1816	4	102	25	8
1817	4	93	30	11
1818	4	96	24	6
1819	4	105	30	8
1820	4	102	23	7
1821	4	87	28	10
1822	4	93	26	9
1823	4	105	29	7
1824	4	105	29	7
1825	4	87	26	9
1826	4	87	24	8
1827	4	99	28	7
1828	4	105	32	7
1829	4	102	24	7
1830	4	105	31	9
1831	4	96	24	6
1832	4	87	22	7
1833	4	93	26	9
1834	4	87	24	8
1835	4	99	27	7
1836	4	93	24	8
1837	4	99	28	7
1838	4	87	26	9
1839	4	93	28	10
1840	4	105	33	8
1841	4	102	29	6
1842	4	105	31	8
1843	4	99	28	8
1844	4	87	22	7
1845	4	93	24	8
1846	4	93	26	9
1847	4	96	23	7
1848	4	93	26	9
1849	4	105	30	8
1850	4	102	24	7
1851	4	102	28	8
1852	4	87	22	7
1853	4	99	36	10
1854	4	99	31	7
1855	4	93	24	8
1856	4	93	24	8
1857	4	87	26	9
1858	4	105	32	7
1859	4	93	28	10
1860	4	102	23	7
1861	4	105	32	9
1862	4	102	24	8
1863	4	99	28	8
1864	4	87	22	7
1865	4	87	22	7
1866	4	96	24	6
1867	4	96	26	7
1868	4	102	27	7
1869	4	87	26	9
1870	4	99	26	6
1871	4	105	29	7
1872	4	102	28	10
1873	4	93	28	10
1874	4	105	31	8
1875	4	102	24	8
1876	4	87	24	8
1877	4	102	23	7
1878	4	105	33	8
1879	4	105	29	7
1880	4	102	23	6
1881	4	99	28	8
1882	4	87	26	9
1883	4	99	34	9
1884	4	102	23	7
1885	4	99	32	7
1886	4	102	21	6
1887	4	102	26	8
1888	4	105	34	10
1889	4	102	27	8
1890	4	102	28	10
1891	4	93	26	9
1892	4	96	20	6
1893	4	87	24	8
1894	4	102	26	7
1895	4	87	24	8
1896	4	93	24	8
1897	4	93	28	10
1898	4	93	28	10
1899	4	93	28	10
1900	4	105	34	8
1901	4	96	19	5
1902	4	105	27	7
1903	4	93	26	9
1904	4	87	22	7
1905	4	102	25	7
1906	4	105	34	9
1907	4	96	23	6
1908	4	105	29	8
1909	4	96	21	6
1910	4	105	37	10
1911	4	102	22	6
1912	4	87	26	9
1913	4	96	23	5
1914	4	96	20	6
1915	4	96	22	7
1916	4	87	24	8
1917	4	96	19	5
1918	4	105	29	7
1919	4	99	29	6
1920	4	99	28	8
1921	4	99	32	7
1922	4	102	21	6
1923	4	102	25	6
1924	4	93	28	10
1925	4	99	34	8
1926	4	96	22	7
1927	4	87	24	8
1928	4	99	28	8
1929	4	93	28	10
1930	4	105	29	8
1931	4	93	28	10
1932	4	96	22	7
1933	4	96	20	6
1934	4	87	22	7
1935	4	99	35	9
1936	4	105	35	8
1937	4	99	27	6
1938	4	93	26	9
1939	4	87	24	8
1940	4	99	32	7
1941	4	108	36	10
1942	4	96	21	5
1943	4	99	31	6
1944	4	102	27	7
1945	4	93	30	11
1946	4	93	24	8
1947	4	96	28	8
1948	4	99	31	7
1949	4	93	32	12
1950	4	99	28	7
1951	4	105	33	8
1952	4	102	31	9
1953	4	87	24	8
1954	4	105	36	10
1955	4	87	28	10
1956	4	87	28	10
1957	4	93	26	9
1958	4	99	31	7
1959	4	105	23	6
1960	4	87	28	10
1961	4	99	31	6
1962	4	105	32	9
1963	4	96	22	5
1964	4	96	19	5
1965	4	87	22	7
1966	4	93	26	9
1967	4	102	21	6
1968	4	102	22	7
1969	4	99	27	6
1970	4	105	34	8
1971	4	96	19	5
1972	4	105	30	8
1973	4	93	24	8
1974	4	87	26	9
1975	4	108	32	9
1976	4	96	19	5
1977	4	99	23	6
1978	4	105	30	8
1979	4	99	29	7
1980	4	87	24	8
1981	4	99	28	7
1982	4	102	26	7
1983	4	93	26	9
1984	4	105	26	6
1985	4	93	28	10
1986	4	102	24	8
1987	4	105	32	10
1988	4	105	36	8
1989	4	93	26	9
1990	4	87	26	9
1991	4	105	31	8
1992	4	93	26	9
1993	4	102	28	10
1994	4	105	29	7
1995	4	105	32	9
1996	4	96	26	7
1997	4	102	26	9
1998	4	108	35	8
1999	4	87	26	9
2000	4	99	28	6
2001	4	96	20	6
2002	4	102	26	9
2003	4	87	24	8
2004	4	102	22	7
2005	4	93	26	9
2006	4	93	24	8
2007	4	102	26	6
2008	4	96	19	5
2009	4	105	33	7
2010	4	99	28	7
2011	4	99	32	8
2012	4	105	31	8
2013	4	87	26	9
2014	4	99	30	7
2015	4	93	26	9
2016	4	102	25	6
2017	4	105	34	10
2018	4	99	29	8
2019	4	87	24	8
2020	4	96	20	6
2021	4	105	35	9
2022	4	93	26	9
2023	4	105	37	12
2024	4	102	29	8
2025	4	99	27	7
2026	4	96	22	6
2027	4	102	24	8
2028	4	105	30	8
2029	4	105	32	9
2030	4	102	26	9
2031	4	93	30	11
2032	4	87	26	9
2033	4	87	22	7
2034	4	102	27	7
2035	4	96	19	5
2036	4	93	24	8
2037	4	99	30	8
2038	4	96	26	7
2039	4	105	25	7
2040	4	87	24	8
2041	4	87	24	8
2042	4	102	26	9
2043	4	96	23	6
2044	4	93	28	10
2045	4	99	29	7
2046	4	93	26	9
2047	4	87	24	8
2048	4	93	30	11
2049	4	96	21	6
2050	4	105	34	9
2051	4	102	33	7
2052	4	102	26	7
2053	4	87	22	7
2054	4	105	28	7
2055	4	102	25	7
2056	4	105	30	9
2057	4	93	24	8
2058	4	96	22	6
2059	4	87	24	8
2060	4	93	24	8
2061	4	87	26	9
2062	4	93	26	9
2063	4	99	30	6
2064	4	102	24	6
2065	4	105	34	9
2066	4	99	31	6
2067	4	87	26	9
2068	4	105	34	9
2069	4	93	30	11
2070	4	105	34	9
2071	4	105	32	8
2072	4	99	30	8
2073	4	99	30	7
2074	4	102	25	6
2075	4	93	28	10
2076	4	105	33	8
2077	4	105	33	10
2078	4	102	25	7
2079	4	105	37	9
2080	4	96	19	5
2081	4	102	23	6
2082	4	93	26	9
2083	4	93	26	9
2084	4	99	30	9
2085	4	102	21	6
2086	4	99	24	5
2087	4	102	26	8
2088	4	93	24	8
2089	4	105	35	9
2090	4	105	29	8
2091	4	99	34	9
2092	4	93	26	9
2093	4	108	38	10
2094	4	105	29	7
2095	4	105	34	10
2096	4	102	25	7
2097	4	96	27	7
2098	4	93	24	8
2099	4	96	23	5
2100	4	87	24	8
2101	4	102	23	7
2102	4	96	22	7
2103	4	93	26	9
2104	4	87	22	7
2105	4	87	24	8
2106	4	93	26	9
2107	4	93	28	10
2108	4	105	32	7
2109	4	87	22	7
2110	4	105	33	8
2111	4	93	28	10
2112	4	99	28	7
2113	4	87	26	9
2114	4	96	25	6
2115	4	93	26	9
2116	4	102	23	7
2117	4	99	32	7
2118	4	87	24	8
2119	4	87	22	7
2120	4	105	37	10
2121	4	102	23	7
2122	4	102	26	9
2123	4	99	32	7
2124	4	99	30	7
2125	4	93	26	9
2126	4	99	30	6
2127	4	87	24	8
2128	4	99	32	8
2129	4	93	34	13
2130	4	93	28	10
2131	4	102	23	7
2132	4	105	33	10
2133	4	87	24	8
2134	4	93	28	10
2135	4	102	25	6
2136	4	87	26	9
2137	4	105	38	10
2138	4	93	26	9
2139	4	96	20	6
2140	4	102	26	7
2141	4	93	26	9
2142	4	102	25	8
2143	4	93	28	10
2144	4	105	26	8
2145	4	99	31	7
2146	4	105	35	10
2147	4	93	26	9
2148	4	102	24	8
2149	4	96	19	5
2150	4	93	28	10
2151	4	102	22	7
2152	4	102	27	7
2153	4	99	30	8
2154	4	93	26	9
2155	4	96	24	6
2156	4	96	22	6
2157	4	102	25	8
2158	4	105	32	9
2159	4	93	26	9
2160	4	105	29	8
2161	4	87	22	7
2162	4	96	19	5
2163	4	96	22	7
2164	4	93	28	10
2165	4	93	26	9
2166	4	102	28	10
2167	4	93	26	9
2168	4	99	35	8
2169	4	93	26	9
2170	4	105	32	10
2171	4	102	26	7
2172	4	99	34	10
2173	4	87	26	9
2174	4	102	22	7
2175	4	87	24	8
2176	4	105	29	8
2177	4	102	24	8
2178	4	93	26	9
2179	4	105	32	11
2180	4	105	36	10
2181	4	99	27	6
2182	4	102	24	7
2183	4	105	34	8
2184	4	87	26	9
2185	4	99	30	7
2186	4	99	29	6
2187	4	93	28	10
2188	4	99	28	7
2189	4	102	24	6
2190	4	99	33	9
2191	4	102	30	11
2192	4	87	26	9
2193	4	102	26	9
2194	4	87	22	7
2195	4	102	23	6
2196	4	87	26	9
2197	4	99	25	7
2198	4	87	24	8
2199	4	99	32	7
2200	4	93	24	8
2201	4	99	30	6
2202	4	99	30	7
2203	4	93	30	11
2204	4	87	24	8
2205	4	105	31	9
2206	4	93	28	10
2207	4	105	32	8
2208	4	93	26	9
2209	4	102	28	9
2210	4	87	24	8
2211	4	105	33	7
2212	4	105	35	8
2213	4	93	28	10
2214	4	87	26	9
2215	4	102	29	8
2216	4	87	22	7
2217	4	93	26	9
2218	4	99	27	7
2219	4	96	24	8
2220	4	99	30	9
2221	4	93	26	9
2222	4	93	28	10
2223	4	96	20	6
2224	4	102	24	6
2225	4	105	33	7
2226	4	108	31	8
2227	4	87	24	8
2228	4	96	26	7
2229	4	87	24	8
2230	4	96	21	6
2231	4	96	21	6
2232	4	87	24	8
2233	4	93	28	10
2234	4	96	19	5
2235	4	99	28	7
2236	4	93	24	8
2237	4	87	26	9
2238	4	93	26	9
2239	4	99	30	8
2240	4	96	26	7
2241	4	96	23	5
2242	4	99	27	7
2243	4	99	30	8
2244	4	105	30	9
2245	4	93	26	9
2246	4	105	34	8
2247	4	96	24	8
2248	4	96	25	7
2249	4	96	21	6
2250	4	96	21	6
2251	4	105	28	9
2252	4	105	31	7
2253	4	93	26	9
2254	4	99	28	7
2255	4	99	27	6
2256	4	99	31	6
2257	4	105	33	8
2258	4	102	22	7
2259	4	105	36	10
2260	4	96	19	5
2261	4	93	30	11
2262	4	93	26	9
2263	4	99	31	8
2264	4	99	32	7
2265	4	102	30	8
2266	4	99	31	8
2267	4	93	30	11
2268	4	99	30	6
2269	4	87	28	10
2270	4	99	30	7
2271	4	99	29	7
2272	4	102	21	6
2273	4	99	28	7
2274	4	93	28	10
2275	4	105	32	9
2276	4	105	29	7
2277	4	87	24	8
2278	4	96	23	5
2279	4	102	24	6
2280	4	87	24	8
2281	4	102	29	8
2282	4	93	30	11
2283	4	93	24	8
2284	4	102	27	7
2285	4	93	22	7
2286	4	93	26	9
2287	4	102	23	7
2288	4	99	28	8
2289	4	87	24	8
2290	4	96	22	7
2291	4	99	28	7
2292	4	96	24	8
2293	4	105	40	11
2294	4	96	24	8
2295	4	105	33	8
2296	4	96	24	7
2297	4	105	31	7
2298	4	96	23	5
2299	4	87	24	8
2300	4	87	22	7
2301	4	102	23	6
2302	4	96	21	5
2303	4	93	24	8
2304	4	102	22	7
2305	4	87	24	8
2306	4	96	24	6
2307	4	102	30	10
2308	4	102	22	7
2309	4	93	26	9
2310	4	105	31	8
2311	4	99	29	7
2312	4	105	32	10
2313	4	87	24	8
2314	4	87	24	8
2315	4	105	24	7
2316	4	105	33	8
2317	4	93	26	9
2318	4	102	24	8
2319	4	102	21	6
2320	4	87	24	8
2321	4	87	26	9
2322	4	105	32	9
2323	4	102	24	8
2324	4	102	23	6
2325	4	105	34	8
2326	4	105	30	9
2327	4	96	20	6
2328	4	102	24	7
2329	4	99	28	7
2330	4	99	31	6
2331	4	105	32	9
2332	4	105	34	8
2333	4	87	24	8
2334	4	87	22	7
2335	4	93	26	9
2336	4	96	22	6
2337	4	87	22	7
2338	4	99	30	9
2339	4	96	20	6
2340	4	105	29	7
2341	4	105	35	9
2342	4	93	28	10
2343	4	87	26	9
2344	4	105	31	8
2345	4	87	26	9
2346	4	102	21	6
2347	4	102	28	10
2348	4	102	25	6
2349	4	108	31	7
2350	4	105	32	9
2351	4	105	36	9
2352	4	87	24	8
2353	4	105	36	11
2354	4	99	30	6
2355	4	93	26	9
2356	4	105	30	7
2357	4	102	22	7
2358	4	87	24	8
2359	4	87	22	7
2360	4	99	28	7
2361	4	96	23	5
2362	4	93	28	10
2363	4	105	33	7
2364	4	102	27	8
2365	4	99	27	6
2366	4	102	21	6
2367	4	96	22	6
2368	4	105	34	9
2369	4	102	25	6
2370	4	93	24	8
2371	4	99	35	10
2372	4	93	30	11
2373	4	93	26	9
2374	4	93	26	9
2375	4	93	24	8
2376	4	105	30	9
2377	4	87	22	7
2378	4	99	32	8
2379	4	102	28	8
2380	4	102	28	8
2381	4	87	26	9
2382	4	96	21	6
2383	4	105	33	8
2384	4	102	32	10
2385	4	96	20	6
2386	4	105	27	7
2387	4	93	32	12
2388	4	87	26	9
2389	4	87	24	8
2390	4	102	24	8
2391	4	87	24	8
2392	4	93	28	10
2393	4	93	30	11
2394	4	96	25	6
2395	4	93	24	8
2396	4	102	29	9
2397	4	99	31	7
2398	4	87	22	7
2399	4	87	24	8
